排名,书名,作者,译者,出版社,出版日期,价格,豆瓣链接,评分,简介,图片链接,ISBN
1,红楼梦,[清] 曹雪芹 著 ,, 人民文学出版社 , 1996-12 , 59.70元,https://book.douban.com/subject/1007305/,9.6,都云作者痴，谁解其中味？,https://img9.doubanio.com/view/subject/s/public/s1070959.jpg,9787020002207
2,活着,余华 ,, 作家出版社 , 2012-8-1 , 20.00元,https://book.douban.com/subject/4913064/,9.4,生的苦难与伟大,https://img9.doubanio.com/view/subject/s/public/s29053580.jpg,9787506365437
3,1984,[英] 乔治·奥威尔 , 刘绍铭 , 北京十月文艺出版社 , 2010-4-1 , 28.00,https://book.douban.com/subject/4820710/,9.3,栗树荫下，我出卖你，你出卖我,https://img9.doubanio.com/view/subject/s/public/s4371408.jpg,9787530210291
4,百年孤独,[哥伦比亚] 加西亚·马尔克斯 , 范晔 , 南海出版公司 , 2011-6 , 39.50元,https://book.douban.com/subject/6082808/,9.3,魔幻现实主义文学代表作,https://img9.doubanio.com/view/subject/s/public/s27237850.jpg,9787544253994
5,飘,[美国] 玛格丽特·米切尔 , 李美华 , 译林出版社 , 2000-9 , 40.00元,https://book.douban.com/subject/1068920/,9.3,革命时期的爱情，随风而逝,https://img9.doubanio.com/view/subject/s/public/s1078958.jpg,9787806570920
6,三体全集,刘慈欣 ,, 重庆出版社 , 2012-1-1 , 168.00元,https://book.douban.com/subject/6518605/,9.4,地球往事三部曲,https://img9.doubanio.com/view/subject/s/public/s28357056.jpg,9787229042066
7,三国演义（全二册）,[明] 罗贯中 ,, 人民文学出版社 , 1998-05 , 39.50元,https://book.douban.com/subject/1019568/,9.3,是非成败转头空,https://img9.doubanio.com/view/subject/s/public/s1076932.jpg,9787020008728
8,房思琪的初恋乐园,林奕含 ,, 北京联合出版公司 , 2018-1 , 45.00元,https://book.douban.com/subject/27614904/,9.2,向死而生的文学绝唱,https://img9.doubanio.com/view/subject/s/public/s29651121.jpg,9787559614636
9,动物农场,[英] 乔治·奥威尔 , 荣如德 , 上海译文出版社 , 2007-3 , 10.00元,https://book.douban.com/subject/2035179/,9.2,太阳底下并无新事,https://img9.doubanio.com/view/subject/s/public/s2347590.jpg,9787532741854
10,白夜行,[日] 东野圭吾 , 刘姿君 , 南海出版公司 , 2013-1-1 , 39.50元,https://book.douban.com/subject/10554308/,9.1,一宗离奇命案牵出跨度近20年步步惊心的故事,https://img9.doubanio.com/view/subject/s/public/s24514468.jpg,9787544258609
11,福尔摩斯探案全集（上中下）,[英] 阿·柯南道尔 , 丁钟华 等 , 群众出版社 , 1981-8 , 53.00元/68.00元,https://book.douban.com/subject/1040211/,9.3,名侦探的代名词,https://img9.doubanio.com/view/subject/s/public/s1229240.jpg,9787501408580
12,小王子,[法] 圣埃克苏佩里 , 马振聘 , 人民文学出版社 , 2003-8 , 22.00元,https://book.douban.com/subject/1084336/,9.0,献给长成了大人的孩子们,https://img9.doubanio.com/view/subject/s/public/s1103152.jpg,9787020042494
13,天龙八部,金庸 ,, 生活.读书.新知三联书店 , 1994-5 , 96.0,https://book.douban.com/subject/1255625/,9.1,有情皆孽，无人不冤,https://img9.doubanio.com/view/subject/s/public/s23632058.jpg,9787108006721
14,撒哈拉的故事,三毛 ,, 哈尔滨出版社 , 2003-8 , 15.80元,https://book.douban.com/subject/1060068/,9.2,游荡的自由灵魂,https://img9.doubanio.com/view/subject/s/public/s1066570.jpg,9787806398791
15,安徒生童话故事集,（丹麦）安徒生 , 叶君健 , 人民文学出版社 , 1997-08 , 25.00元,https://book.douban.com/subject/1046209/,9.2,为了争取未来的一代,https://img9.doubanio.com/view/subject/s/public/s1034062.jpg,9787020017713
16,冰与火之歌（卷一）,[美] 乔治·R. R. 马丁 , 谭光磊 , 重庆出版社 , 2005-5 , 68.00元,https://book.douban.com/subject/1336330/,9.3,凛冬将至。无比宏大的世界观,https://img9.doubanio.com/view/subject/s/public/s1358984.jpg,9787536671256
17,哈利·波特,J.K.罗琳 (J.K.Rowling) , 苏农 , 人民文学出版社 , 2008-12-1 , 498.00元,https://book.douban.com/subject/24531956/,9.7,从9¾站台开始的旅程,https://img9.doubanio.com/view/subject/s/public/s29101586.jpg,9787020096695
18,沉默的大多数,王小波 ,, 中国青年出版社 , 1997-10 , 27.00元,https://book.douban.com/subject/1054685/,9.1,沉默是沉默者的通行证,https://img9.doubanio.com/view/subject/s/public/s1447349.jpg,9787500627098
19,人类简史,[以色列] 尤瓦尔·赫拉利 , 林俊宏 , 中信出版社 , 2014-11 , CNY 68.00,https://book.douban.com/subject/25985021/,9.1,跟着人类一同走过十万年,https://img9.doubanio.com/view/subject/s/public/s27814883.jpg,9787508647357
20,平凡的世界（全三部）,路遥 ,, 人民文学出版社 , 2005-1 , 64.00元,https://book.douban.com/subject/1200840/,9.0,中国当代城乡生活全景,https://img9.doubanio.com/view/subject/s/public/s1144911.jpg,9787020049295
21,围城,钱锺书 ,, 人民文学出版社 , 1991-2 , 19.00,https://book.douban.com/subject/1008145/,8.9,幽默的语言和对生活深刻的观察,https://img9.doubanio.com/view/subject/s/public/s1070222.jpg,9787020024759
22,局外人,[法] 阿尔贝·加缪 , 柳鸣九 , 上海译文出版社 , 2010-8 , 22.00元,https://book.douban.com/subject/4908885/,9.0,人生在世，永远也不该演戏作假,https://img9.doubanio.com/view/subject/s/public/s4468484.jpg,9787532751471
23,杀死一只知更鸟,[美] 哈珀·李 , 高红梅 , 译林出版社 , 2012-9 , 32.00元,https://book.douban.com/subject/6781808/,9.2,有一种东西不能遵循从众原则，那就是——人的良心,https://img9.doubanio.com/view/subject/s/public/s23128183.jpg,9787544722766
24,霍乱时期的爱情,[哥伦比亚] 加西亚·马尔克斯 , 杨玲 , 南海出版公司 , 2012-9-1 , 39.50元,https://book.douban.com/subject/10594787/,9.0,义无反顾地直达爱情的核心,https://img9.doubanio.com/view/subject/s/public/s11284102.jpg,9787544258975
25,明朝那些事儿（1-9）,当年明月 ,, 中国海关出版社 , 2009-4 , 358.20元,https://book.douban.com/subject/3674537/,9.1,不拘一格的历史书写,https://img9.doubanio.com/view/subject/s/public/s3745215.jpg,9787801656087
26,笑傲江湖（全四册）,金庸 ,, 生活·读书·新知三联书店 , 1994-5 , 76.80元,https://book.douban.com/subject/1002299/,9.0,欲练此功，必先自宫,https://img9.doubanio.com/view/subject/s/public/s2157335.jpg,9787108006639
27,中国历代政治得失,钱穆 ,, 生活·读书·新知三联书店 , 2001 , 12.00元,https://book.douban.com/subject/1003479/,9.2,一部简明的“中国政治制度史”,https://img9.doubanio.com/view/subject/s/public/s1319205.jpg,9787108015280
28,月亮和六便士,[英] 毛姆 , 傅惟慈 , 上海译文出版社 , 2006-8 , 15.00元,https://book.douban.com/subject/1858513/,9.0,有多少人会经历顿悟，就有更少的人甘愿自我放逐,https://img9.doubanio.com/view/subject/s/public/s2659208.jpg,9787532739547
29,呐喊,鲁迅 ,, 人民文学出版社 , 1973年3月 , 0.36元,https://book.douban.com/subject/1449351/,9.0,新文学的第一声呐喊,https://img9.doubanio.com/view/subject/s/public/s4696893.jpg,
30,肖申克的救赎,[美] 斯蒂芬·金 , 施寄青 , 人民文学出版社 , 2006-7 , 29.90元,https://book.douban.com/subject/1829226/,9.1,豆瓣电影Top1原著,https://img9.doubanio.com/view/subject/s/public/s4007145.jpg,9787020054985
31,基督山伯爵,大仲马 , 周克希 , 上海译文出版社 , 1991-12-1 , 43.90元,https://book.douban.com/subject/1085860/,9.0,一个报恩复仇的故事，以法国波旁王朝和七月王朝为背景,https://img9.doubanio.com/view/subject/s/public/s3248016.jpg,9787532712243
32,东方快车谋杀案,[英] 阿加莎·克里斯蒂 , 陈尧光 , 人民文学出版社 , 2006-5 , 18.00元,https://book.douban.com/subject/1827374/,9.0,谋杀诡计惊人，波洛的抉择耐人寻味,https://img9.doubanio.com/view/subject/s/public/s1765799.jpg,9787020056309
33,万历十五年,[美] 黄仁宇 ,, 生活·读书·新知三联书店 , 1997-5 , 18.00元,https://book.douban.com/subject/1041482/,8.9,见微知著，历史观的颠覆,https://img9.doubanio.com/view/subject/s/public/s1800355.jpg,9787108009821
34,追风筝的人,[美] 卡勒德·胡赛尼 , 李继宏 , 上海人民出版社 , 2006-5 , 29.00元,https://book.douban.com/subject/1770782/,8.9,为你，千千万万遍,https://img9.doubanio.com/view/subject/s/public/s1727290.jpg,9787208061644
35,新名字的故事,[意] 埃莱娜·费兰特 , 陈英 , 人民文学出版社 , 2017-4 , 59.00元,https://book.douban.com/subject/26986954/,9.0,探索青年时代的激情、困惑、挣扎、背叛和失去,https://img9.doubanio.com/view/subject/s/public/s29376146.jpg,9787020125265
36,失踪的孩子,[意] 埃莱娜·费兰特 , 陈英 , 人民文学出版社 , 2018-7 , 62.00元,https://book.douban.com/subject/30172069/,9.1,我的整个生命，只是一场为了提升社会地位的低俗斗争。,https://img9.doubanio.com/view/subject/s/public/s29799269.jpg,9787020139927
37,江城,[美] 彼得·海斯勒 , 李雪顺 , 上海译文出版社 , 2012-1 , 36.00元,https://book.douban.com/subject/7060185/,9.1,外国人眼中的涪陵,https://img9.doubanio.com/view/subject/s/public/s7019913.jpg,9787532756728
38,乡土中国,费孝通 ,, 上海人民出版社 , 2006-4 , 38.00,https://book.douban.com/subject/1795079/,9.2,中国乡土社会传统文化和社会结构理论研究代表作,https://img9.doubanio.com/view/subject/s/public/s1665415.jpg,9787208062153
39,刀锋,[英]毛姆 , 周煦良 , 上海译文出版社 , 2007-3 , 18.00元,https://book.douban.com/subject/2035162/,9.0,一把刀的锋刃不容易越过；因此智者说得救之道是困难的,https://img9.doubanio.com/view/subject/s/public/s2347562.jpg,9787532741922
40,嫌疑人X的献身,[日] 东野圭吾 , 刘子倩 , 南海出版公司 , 2008-9 , 28.00,https://book.douban.com/subject/3211779/,8.9,数学好是一种极致的浪漫,https://img9.doubanio.com/view/subject/s/public/s3254244.jpg,9787544241694
41,寻路中国,[美] 彼得·海斯勒 , 李雪顺 , 上海译文出版社 , 2011-1 , 33.00元,https://book.douban.com/subject/5414391/,9.0,《纽约客》驻北京记者驾车漫游中国大陆的经历,https://img9.doubanio.com/view/subject/s/public/s32271209.jpg,9787532752805
42,城南旧事,林海音 文 ,, 中国青年出版社 , 2003-7 , 16.00元,https://book.douban.com/subject/1254588/,9.0,长亭外，古道边，芳草碧连天,https://img9.doubanio.com/view/subject/s/public/s2654869.jpg,9787500652045
43,射雕英雄传（全四册）,金庸 ,, 生活·读书·新知三联书店 , 1999-04 , 47.00元,https://book.douban.com/subject/1044547/,9.0,侠之大者，为国为民,https://img9.doubanio.com/view/subject/s/public/s2157336.jpg,9787108012586
44,我与地坛,史铁生 ,, 春风文艺出版社 , 2002-5 , 25.00元,https://book.douban.com/subject/1209899/,9.1,这是你的罪孽与福祉,https://img9.doubanio.com/view/subject/s/public/s1151479.jpg,9787531324362
45,白鹿原,陈忠实 ,, 人民文学出版社 , 2012-9 , 39.00元,https://book.douban.com/subject/10564071/,9.2,一轴关于我们民族灵魂的现实主义画卷,https://img9.doubanio.com/view/subject/s/public/s28111905.jpg,9787020090297
46,格林童话全集,[德国]格林兄弟 , 魏以新 , 人民文学出版社 , 1994-11 , 21.45元,https://book.douban.com/subject/1043008/,9.0,一本有教育意义的书,https://img9.doubanio.com/view/subject/s/public/s1134341.jpg,9787020019526
47,黄金时代,王小波 ,, 花城出版社 , 1999-3 , 19.00元,https://book.douban.com/subject/1089243/,8.9,我想爱，想吃，还想在一瞬间变成天上半明半暗的云,https://img9.doubanio.com/view/subject/s/public/s1076372.jpg,9787536025080
48,傲慢与偏见,[英] 奥斯丁 , 张玲 , 人民文学出版社 , 1993-7 , 13.00元,https://book.douban.com/subject/1083428/,8.9,所有现代言情小说的母体,https://img9.doubanio.com/view/subject/s/public/s4250062.jpg,9787020040179
49,无人生还,[英] 阿加莎・克里斯蒂 , 祁阿红 , 人民文学出版社 , 2008-3 , 19.00,https://book.douban.com/subject/3006581/,8.9,童谣杀人案,https://img9.doubanio.com/view/subject/s/public/s2962510.jpg,9787020065394
50,历史深处的忧虑,林达 ,, 生活·读书·新知三联书店 , 1997-5 , 19.00元,https://book.douban.com/subject/1027191/,9.0,窥见美国社会的一扇窗,https://img9.doubanio.com/view/subject/s/public/s1768916.jpg,9787108010186
51,野草,鲁迅 ,, 人民文学出版社 , 1973-3 , 0.20元,https://book.douban.com/subject/1915958/,9.4,我以这一丛野草，在明与暗，生与死，过去与未来之际，献于友与仇，人与兽，爱者与不爱者之前作证。,https://img9.doubanio.com/view/subject/s/public/s2364689.jpg,
52,艺术的故事,[英] 贡布里希 (Sir E.H.Gombrich) , 范景中 , 广西美术出版社 , 2008-04 , 280.00,https://book.douban.com/subject/3162991/,9.6,从最早的洞窟绘画到当今的实验艺术,https://img9.doubanio.com/view/subject/s/public/s3219163.jpg,9787807463726
53,文学回忆录,木心 口述 ,, 广西师范大学出版社 , 2013-1-10 , 98.00元,https://book.douban.com/subject/20440644/,9.1,木心留给世界的礼物,https://img9.doubanio.com/view/subject/s/public/s24611679.jpg,9787549530816
54,神雕侠侣,金庸 , 有1996年11月北平第4次印本 , 生活·读书·新知三联书店 , 1994-5 , 76.80元,https://book.douban.com/subject/1255624/,8.9,至情至性，情大于武,https://img9.doubanio.com/view/subject/s/public/s26018916.jpg,9787108006660
55,史记（全十册）,司马迁 , （索隐）司马贞，（正义）张守节 , 中华书局 , 1982-11 , 125.00,https://book.douban.com/subject/1077847/,9.5,史家之绝唱，无韵之离骚,https://img9.doubanio.com/view/subject/s/public/s1953384.jpg,9787101003048
56,悲惨世界（上中下）,[法] 雨果 , 李丹 , 人民文学出版社 , 1992-6 , 66.00元,https://book.douban.com/subject/1205054/,9.0,现实主义与浪漫主义的至高杰作,https://img9.doubanio.com/view/subject/s/public/s4521754.jpg,9787020017164
57,彷徨,鲁迅 ,, 人民文学出版社 , 1973-3 , 0.37元,https://book.douban.com/subject/1449348/,9.1,路漫漫其修远兮，吾将上下而求索,https://img9.doubanio.com/view/subject/s/public/s33500305.jpg,
58,上帝掷骰子吗,曹天元 ,, 辽宁教育出版社 , 2006-1 , 32.00元,https://book.douban.com/subject/1467022/,9.2,量子物理史话,https://img9.doubanio.com/view/subject/s/public/s1486674.jpg,9787538276374
59,许三观卖血记,余华 ,, 南海出版公司 , 1998-9 , 16.80元,https://book.douban.com/subject/1029791/,8.8,以博大的温情描绘磨难中的人生,https://img9.doubanio.com/view/subject/s/public/s1074291.jpg,9787544211765
60,卡拉马佐夫兄弟,[俄] 费奥多尔·陀思妥耶夫斯基 , 荣如德 , 上海译文出版社 , 2006-8 , 25.00元,https://book.douban.com/subject/1856494/,9.4,错综复杂的社会、家庭矛盾和人性悲剧,https://img9.doubanio.com/view/subject/s/public/s2059791.jpg,9787532740086
61,朝花夕拾,鲁迅 ,, 人民文学出版社 , 1972-4 , 0.25元,https://book.douban.com/subject/1449352/,8.9,在纷扰中寻出一点闲静,https://img9.doubanio.com/view/subject/s/public/s2875823.jpg,
62,树上的男爵,[意] 伊塔洛·卡尔维诺 , 吴正仪 , 译林出版社 , 2012-4-1 , 30.00元,https://book.douban.com/subject/6789605/,9.1,是不是真的只有先与人疏离，才能最终与他们在一起？,https://img9.doubanio.com/view/subject/s/public/s8968135.jpg,9787544722803
63,哭泣的骆驼,三毛 ,, 哈尔滨出版社 , 2003-6 , 15.80元,https://book.douban.com/subject/1029111/,8.9,沙漠中寻常的生与死,https://img9.doubanio.com/view/subject/s/public/s1020454.jpg,9787806399071
64,邓小平时代,[美] 傅高义 , 冯克利 , 生活·读书·新知三联书店 , 2013-1 , 88.00元,https://book.douban.com/subject/20424526/,9.2,个人命运背后的历史变局,https://img9.doubanio.com/view/subject/s/public/s24516687.jpg,9787108041531
65,灿烂千阳,[美] 卡勒德·胡赛尼 , 李继宏 , 上海人民出版社 , 2007-9 , 28.00元,https://book.douban.com/subject/2143732/,8.8,唯有希望与爱可以驱散阴霾,https://img9.doubanio.com/view/subject/s/public/s2651394.jpg,9787208072107
66,看见,柴静 ,, 广西师范大学出版社 , 2013-1-1 , 39.80元,https://book.douban.com/subject/20427187/,8.8,在这里看见中国,https://img9.doubanio.com/view/subject/s/public/s24468373.jpg,9787549529322
67,浪潮之巅,吴军 ,, 电子工业出版社 , 2011-8 , 55.00元,https://book.douban.com/subject/6709783/,9.0,了解IT领域的入门读物,https://img9.doubanio.com/view/subject/s/public/s6807265.jpg,9787121139512
68,诗经,孔丘 编订 ,, 北京出版社 , 2006-7 , 19.90元,https://book.douban.com/subject/1883245/,9.4,思无邪,https://img9.doubanio.com/view/subject/s/public/s1979223.jpg,9787200065039
69,西游记（全二册）,吴承恩 , 黄肃秋 注释 , 人民文学出版社 , 2004-8 , 47.20元,https://book.douban.com/subject/1029553/,8.9,神魔皆有人情，精魅亦通世故,https://img9.doubanio.com/view/subject/s/public/s1627374.jpg,9787020008735
70,台北人,白先勇 ,, 广西师范大学出版社 , 2010-10 , 38.00元,https://book.douban.com/subject/5337248/,8.9,白先勇短篇小说集,https://img9.doubanio.com/view/subject/s/public/s4526465.jpg,9787563397648
71,永恒的终结,[美] 艾萨克·阿西莫夫 , 崔正男 , 江苏凤凰文艺出版社 , 2014-9-1 , 32.00元,https://book.douban.com/subject/25829693/,9.0,关于时间旅行的终极奥秘和恢宏构想,https://img9.doubanio.com/view/subject/s/public/s29555070.jpg,9787539957173
72,窗边的小豆豆,[日] 黑柳彻子 著 , 赵玉皎 , 南海出版公司 , 2003-1 , 20.00元,https://book.douban.com/subject/1007914/,8.7,真正懂孩子的教育经,https://img9.doubanio.com/view/subject/s/public/s1067911.jpg,9787544222976
73,悉达多,[德] 赫尔曼·黑塞 , 杨玉功 译 , 上海人民出版社 , 2009-3 , 20.00,https://book.douban.com/subject/3406401/,9.0,在那最绝望的一刹那，他突然听到了生命之河永恒的声音……,https://img9.doubanio.com/view/subject/s/public/s6790238.jpg,9787208081628
74,人间词话,王国维 ,, 上海古籍出版社 , 1998-12-01 , 9.80元,https://book.douban.com/subject/1203426/,9.0,以新眼光评旧文学,https://img9.doubanio.com/view/subject/s/public/s9130587.jpg,9787532524808
75,爱你就像爱生命,王小波 ,, 上海锦绣文章出版社 , 2008-5 , 18.00元,https://book.douban.com/subject/3071717/,8.8,王小波与李银河的两地书,https://img9.doubanio.com/view/subject/s/public/s4661043.jpg,9787806859988
76,一个叫欧维的男人决定去死,[瑞典] 弗雷德里克·巴克曼 , 宁蒙 , 四川文艺出版社 , 2015-12 , 35.00元,https://book.douban.com/subject/26672693/,9.0,这个发生在瑞典的故事，如生命庆典般绚丽斑斓,https://img9.doubanio.com/view/subject/s/public/s29071620.jpg,9787541142185
77,我们仨,杨绛 ,, 生活·读书·新知三联书店 , 2003-7 , 18.80元,https://book.douban.com/subject/1023045/,8.7,家庭生活回忆录,https://img9.doubanio.com/view/subject/s/public/s1015872.jpg,9787108018809
78,巨人的陨落,[英] 肯·福莱特 , 于大卫 , 江苏凤凰文艺出版社 , 2016-5-1 , 129.80元,https://book.douban.com/subject/26698660/,8.9,五个家族，一场战争,https://img9.doubanio.com/view/subject/s/public/s28668834.jpg,9787539989891
79,最好的告别,[美] 阿图·葛文德（Atul Gawande） , 王一方 主编 , 浙江人民出版社 , 2015-7-31 , 54.90元,https://book.douban.com/subject/26576861/,9.0,关于衰老与死亡，你必须知道的常识,https://img9.doubanio.com/view/subject/s/public/s28355811.jpg,9787213067792
80,呼兰河传,萧红 ,, 百花文艺出版社 , 2005-01 , 19.00,https://book.douban.com/subject/1060852/,8.9,萧红的童年往事,https://img9.doubanio.com/view/subject/s/public/s1167060.jpg,9787530640470
81,道德经,黄元吉 ,, 陕西人民出版社 , 1996-10 , 4.50元,https://book.douban.com/subject/1059258/,9.4,中国历史上首部完整的哲学著作,https://img9.doubanio.com/view/subject/s/public/s1045431.jpg,9787224034813
82,你当像鸟飞往你的山,[美] 塔拉·韦斯特弗 , 任爱红 , 南海出版公司 , 2019-10-20 , 59.00元,https://book.douban.com/subject/33440205/,8.8,我来自一个极少有人能想象的家庭，教育给了我新世界,https://img9.doubanio.com/view/subject/s/public/s33492346.jpg,9787544276986
83,这些人，那些事,吴念真 ,, 译林出版社 , 2011-9 , 28.00元,https://book.douban.com/subject/6388661/,8.8,平淡叙述下的惊心动魄,https://img9.doubanio.com/view/subject/s/public/s6828981.jpg,9787544717731
84,教父,[美]马里奥·普佐 , 周汉林 , 译林出版社 , 1997-8 , 23.30元,https://book.douban.com/subject/1092335/,9.0,“教父三部曲”电影原著,https://img9.doubanio.com/view/subject/s/public/s2832939.jpg,9787805674278
85,故事新编,鲁迅 ,, 人民文学出版社 , 1973-12-01 , 0.31 元,https://book.douban.com/subject/2046909/,9.4,拾取古代传说，取一点因由，随意点染,https://img9.doubanio.com/view/subject/s/public/s2364685.jpg,
86,罗杰疑案,[英] 阿加莎·克里斯蒂 , 常禾 , 新星出版社 , 2013-3 , 28.00元,https://book.douban.com/subject/21371175/,9.2,,https://img9.doubanio.com/view/subject/s/public/s25814002.jpg,9787513311236
87,唐诗三百首,蘅塘退士 ,, 中华书局 , 1998-1-1 , 0.65,https://book.douban.com/subject/1013267/,9.4,熟读唐诗三百首，不会吟诗也会吟,https://img9.doubanio.com/view/subject/s/public/s1008848.jpg,9787101001105
88,鼠疫,(法)阿尔贝·加缪 , 刘方 , 上海译文出版社 , 2013-8 , 34.00元,https://book.douban.com/subject/24257229/,9.0,用别样的监禁生活再现某种监禁生活，与用不存在的事表现真事同等合理,https://img9.doubanio.com/view/subject/s/public/s27003191.jpg,9787532761753
89,海子的诗,海子 ,, 人民文学出版社 , 1999-04 , 15.40,https://book.douban.com/subject/1011754/,8.9,,https://img9.doubanio.com/view/subject/s/public/s1067491.jpg,9787020026456
90,飞鸟集,[印] 罗宾德拉纳德·泰戈尔 , 徐翰林 , 哈尔滨出版社 , 2004-6 , 16.80元,https://book.douban.com/subject/1058661/,8.9,一个淡泊清透的世界,https://img9.doubanio.com/view/subject/s/public/s1044902.jpg,9787806992197
91,鹿鼎记（全五册）,金庸 ,, 广州出版社 花城出版社 , 2008-3 , 108.00元,https://book.douban.com/subject/1212893/,8.8,武侠的解构，流氓的狂欢,https://img9.doubanio.com/view/subject/s/public/s3134040.jpg,9787806553404
92,人生的枷锁,[英] 毛姆 , 张柏然 , 上海译文出版社 , 2007-3 , 32.00元,https://book.douban.com/subject/2035171/,9.0,在混沌纷扰的生活漩流中，寻求人生的真谛,https://img9.doubanio.com/view/subject/s/public/s3983958.jpg,9787532741731
93,看不见的城市,[意大利]伊塔洛·卡尔维诺 , 张宓 , 译林出版社 , 2006-8 , 16.00元,https://book.douban.com/subject/1863930/,8.8,每一座城市都只在想象中耸立，又在描述中坍圮,https://img9.doubanio.com/view/subject/s/public/s1804710.jpg,9787544700603
94,斯通纳,[美] 约翰·威廉斯 , 杨向荣 , 上海人民出版社 , 2016-1 , 49.00元,https://book.douban.com/subject/26425831/,8.8,即使不能拥有完美的生活，所幸追求过完整的自我,https://img9.doubanio.com/view/subject/s/public/s28332051.jpg,9787208130500
95,梦里花落知多少,三毛 ,, 北京十月文艺出版社 , 2007-6 , 28.00元,https://book.douban.com/subject/2070844/,8.8,哀而不伤,https://img9.doubanio.com/view/subject/s/public/s2393243.jpg,9787530208922
96,边城,沈从文 ,, 北岳文艺出版社 , 2002-4 , 12.00元,https://book.douban.com/subject/1057244/,8.7,一切充满了善，然而到处是不凑巧,https://img9.doubanio.com/view/subject/s/public/s1595557.jpg,9787537823425
97,叫魂,[美] 孔飞力 , 陈兼 , 生活·读书·新知三联书店 上海三联书店 , 2012-5 , 38.00元,https://book.douban.com/subject/10471333/,9.0,1768年中国妖术大恐慌,https://img9.doubanio.com/view/subject/s/public/s9015481.jpg,9787108037909
98,时间简史,[英] 史蒂芬·霍金 , 许明贤 , 湖南科学技术出版社 , 2010-4 , 45.00元,https://book.douban.com/subject/1034282/,8.8,探索时间和空间的核心秘密,https://img9.doubanio.com/view/subject/s/public/s1914861.jpg,9787535732309
99,金色梦乡,[日] 伊坂幸太郎 , 李彦桦 , 译林出版社 , 2010-9 , 35.00元,https://book.douban.com/subject/5038409/,9.0,伊坂幸太郎代表作,https://img9.doubanio.com/view/subject/s/public/s4444885.jpg,9787544713986
100,陆犯焉识,严歌苓 ,, 作家出版社 , 2011-10 , 35.00元,https://book.douban.com/subject/6880158/,8.8,翻手为苍凉，覆手为繁华,https://img9.doubanio.com/view/subject/s/public/s6987353.jpg,9787506360876
101,王尔德童话,[英] 王尔德 , 王林 , 译林出版社 , 2003-6 , 6.00元,https://book.douban.com/subject/1119839/,9.1,一颗纯美纯善、永难泯灭的童心,https://img9.doubanio.com/view/subject/s/public/s2019056.jpg,9787805676104
102,人生的智慧,[德] 阿图尔·叔本华 , 韦启昌 , 上海人民出版社 , 2008-10 , 28.00元,https://book.douban.com/subject/3261600/,9.2,对世俗、实用问题深刻而透彻的讨论,https://img9.doubanio.com/view/subject/s/public/s4619775.jpg,9787208081178
103,冬牧场,李娟 ,, 新星出版社 , 2012-6 , 29.80元,https://book.douban.com/subject/10522856/,9.0,阿勒泰的精灵,https://img9.doubanio.com/view/subject/s/public/s8958901.jpg,9787513305662
104,美的历程,李泽厚 ,, 生活·读书·新知三联书店 , 2009-1-1 , 43.00元,https://book.douban.com/subject/3410718/,9.2,中国美学经典之作,https://img9.doubanio.com/view/subject/s/public/s3893343.jpg,9787108030375
105,一个陌生女人的来信,[奥] 斯台芬·茨威格 , 张玉书 , 上海译文出版社 , 2007-7 , 20.00元,https://book.douban.com/subject/2154960/,8.7,暗恋的极致,https://img9.doubanio.com/view/subject/s/public/s2611329.jpg,9787532741571
106,孽子,白先勇 ,, 广西师范大学出版社 , 2010.10 , 46.00元,https://book.douban.com/subject/5337254/,9.1,写给那一群， 在最深最深的黑夜里， 独自彷徨街头， 无所依归的孩子们,https://img9.doubanio.com/view/subject/s/public/s6240330.jpg,9787563397655
107,献给阿尔吉侬的花束,[美] 丹尼尔·凯斯 , 陈澄和 , 广西师范大学出版社 , 2015-4 , 36.00元,https://book.douban.com/subject/26362836/,9.1,当声称能改造智能的科学实验选中心智障碍主角,https://img9.doubanio.com/view/subject/s/public/s28050760.jpg,9787549565115
108,离开的，留下的,[意] 埃莱娜·费兰特 , 陈英 , 人民文学出版社 , 2017-10 , 62.00元,https://book.douban.com/subject/27104959/,8.8,探索中年的虚无、困惑、野心和近乎残暴的爱,https://img9.doubanio.com/view/subject/s/public/s29535271.jpg,9787020132003
109,國史大綱（上下）,錢穆 ,, 商務印書館 , 2013-8 , 76.00元,https://book.douban.com/subject/1046492/,9.3,钱穆中国通史,https://img9.doubanio.com/view/subject/s/public/s23922774.jpg,9787100017664
110,十万个为什么,,,少年儿童出版社 , 1962 , 30.00元,https://book.douban.com/subject/2160556/,9.1,,https://img9.doubanio.com/view/subject/s/public/s2619779.jpg,
111,史蒂夫·乔布斯传,[美] 沃尔特·艾萨克森 , 管延圻 , 中信出版社 , 2011-10-24 , 68.00元,https://book.douban.com/subject/6798611/,8.7,完美主义者的最高形态,https://img9.doubanio.com/view/subject/s/public/s6974202.jpg,9787508630069
112,苏菲的世界,[挪] 乔斯坦·贾德 , 萧宝森 , 作家出版社 , 2007-10 , 26.00元,https://book.douban.com/subject/2284311/,8.8,哲学启蒙书,https://img9.doubanio.com/view/subject/s/public/s3042670.jpg,9787506341271
113,孩子你慢慢来,龙应台 ,, 生活·读书·新知三联书店 , 2009-12-1 , 28.00元,https://book.douban.com/subject/4207781/,8.7,我们现在怎样做母亲,https://img9.doubanio.com/view/subject/s/public/s4124434.jpg,9787108033635
114,昨日的世界,[奥] 斯蒂芬·茨威格 , 舒昌善 , 广西师范大学出版社 , 2004-5-1 , 32.00元,https://book.douban.com/subject/1062343/,9.2,一个高贵而残破的昨日镜像,https://img9.doubanio.com/view/subject/s/public/s1121598.jpg,9787563345809
115,经济学原理（上下）,[美] 曼昆 , 梁小民 , 机械工业出版社 , 2003-8 , 88.00元,https://book.douban.com/subject/1028842/,9.1,经济学家们的世界观,https://img9.doubanio.com/view/subject/s/public/s1785715.jpg,9787111126768
116,爱的艺术,[美] 艾·弗洛姆 , 李健鸣 , 上海译文出版社 , 2008-4 , 15.00元,https://book.douban.com/subject/3026879/,8.8,谦恭地、勇敢地、真诚地和有纪律地爱他人,https://img9.doubanio.com/view/subject/s/public/s2990934.jpg,9787532745159
117,万水千山走遍,三毛 ,, 哈尔滨出版社 , 2003-08 , 13.80,https://book.douban.com/subject/1036490/,8.8,从遥远的撒哈拉到敦煌戈壁,https://img9.doubanio.com/view/subject/s/public/s1099483.jpg,9787806399057
118,我也有一个梦想,林达 ,, 生活·读书·新知三联书店 , 2004-08 , 25.00元,https://book.douban.com/subject/1014825/,9.0,在法治国家里，民众怎样运用法律,https://img9.doubanio.com/view/subject/s/public/s2170315.jpg,9787108012715
119,浮生六记,（清）沈复 ,, 人民文学出版社 , 1999-1 , 5.70元,https://book.douban.com/subject/1088581/,8.8,苟不记之笔墨，未免有辜彼苍之厚,https://img9.doubanio.com/view/subject/s/public/s2280094.jpg,9787020028313
120,绿毛水怪,王小波 ,, 时代文艺出版社 , 2009-1 , 30.00元,https://book.douban.com/subject/3518332/,9.0,我们好象在池塘的水底，从一个月亮走向另一个月亮,https://img9.doubanio.com/view/subject/s/public/s3675595.jpg,9787538725230
121,海的女儿,安徒生 , 叶君健 , 上海译文出版社 , 1978年6月 , 0.43,https://book.douban.com/subject/1765512/,9.1,,https://img9.doubanio.com/view/subject/s/public/s4133656.jpg,
122,九州·缥缈录,江南 ,, 人民文学出版社 , 2015-10 , 198.00元,https://book.douban.com/subject/26613061/,8.8,一轴腥风血雨的乱世长卷，中国版《冰与火之歌》,https://img9.doubanio.com/view/subject/s/public/s28332484.jpg,9787020111459
123,送你一颗子弹,刘瑜 ,, 上海三联书店 , 2010-1 , 25.00元,https://book.douban.com/subject/4238362/,8.6,在这本书里，被“审视”的东西杂七杂八,https://img9.doubanio.com/view/subject/s/public/s4243447.jpg,9787542631664
124,四世同堂,老舍 ,, 北京十月文艺出版社 , 2008-07 , 36.00元,https://book.douban.com/subject/3183775/,9.3,北平沦陷时代广大平民的悲惨遭遇,https://img9.doubanio.com/view/subject/s/public/s3228699.jpg,9787530209226
125,小径分岔的花园,[阿根廷] 豪·路·博尔赫斯 , 王永年 , 上海译文出版社 , 2015-7 , 23.00,https://book.douban.com/subject/25796120/,8.9,一个谜语，谜底正是时间,https://img9.doubanio.com/view/subject/s/public/s29746559.jpg,9787532762897
126,不能承受的生命之轻,米兰·昆德拉 , 许钧 , 上海译文出版社 , 2010-8 , 29.00元,https://book.douban.com/subject/4920007/,8.8,,https://img9.doubanio.com/view/subject/s/public/s4421443.jpg,9787532751655
127,倾城之恋,张爱玲 ,, 北京十月文艺出版社 , 2006-12 , 29.80元,https://book.douban.com/subject/1985223/,8.7,“一对平凡的夫妻”之间的“一点真心”,https://img9.doubanio.com/view/subject/s/public/s4638950.jpg,9787530208656
128,情书,[日] 岩井俊二 , 穆晓芳 , 天津人民出版社 , 2004-7 , 18.00元,https://book.douban.com/subject/1080370/,8.6,一场同名同姓的误会，两段可贵的爱情,https://img9.doubanio.com/view/subject/s/public/s1127135.jpg,9787201048161
129,面纱,(英)W.萨默塞特·毛姆 , 阮景林 , 重庆 , 2012-05-01 , 32.00元,https://book.douban.com/subject/10560798/,8.7,揭去生活的面纱,https://img9.doubanio.com/view/subject/s/public/s9038826.jpg,9787229050238
130,球状闪电,刘慈欣 ,, 四川科学技术出版社 , 2005-6 , 22.00元,https://book.douban.com/subject/1192090/,8.7,量子之外，没有真相,https://img9.doubanio.com/view/subject/s/public/s26040205.jpg,9787536455382
131,亮剑,都梁 ,, 解放军文艺出版社 , 2005-3 , 28.00元,https://book.douban.com/subject/1088022/,8.9,面对强大的对手，明知不敌，也要毅然亮剑,https://img9.doubanio.com/view/subject/s/public/s9950828.jpg,9787503311864
132,目送,龙应台 ,, 生活·读书·新知三联书店 , 2009-10 , 39.00元,https://book.douban.com/subject/3995526/,8.6,不必追,https://img9.doubanio.com/view/subject/s/public/s3984108.jpg,9787108032911
133,阿勒泰的角落,李娟 ,, 万卷出版公司 , 2010-6 , 25.00元,https://book.douban.com/subject/4881850/,9.1,白雪和阳光，青草和白桦林,https://img9.doubanio.com/view/subject/s/public/s6185540.jpg,9787547010105
134,故事,[美] 罗伯特·麦基 , 周铁东 , 天津人民出版社 , 2014-9-1 , 68.00元,https://book.douban.com/subject/25976544/,9.2,材质、结构、风格和银幕剧作的原理,https://img9.doubanio.com/view/subject/s/public/s27598249.jpg,9787201088334
135,野火集,龙应台 ,, 文汇出版社 , 2005-8 , 25.00元,https://book.douban.com/subject/1426971/,8.8,中国人，你为什么不生气,https://img9.doubanio.com/view/subject/s/public/s1469589.jpg,9787806767245
136,我的阿勒泰,李娟 ,, 云南人民出版社 , 2010-7 , 22.00元,https://book.douban.com/subject/4884218/,8.8,描写疆北阿勒泰地区生活和风情的原生态散文集,https://img9.doubanio.com/view/subject/s/public/s6180859.jpg,9787222065413
137,亲爱的安德烈,龙应台 ,, 人民文学出版社 , 2008-12 , 26.00,https://book.douban.com/subject/3369793/,8.6,弭平代沟，跨越文化阻隔,https://img9.doubanio.com/view/subject/s/public/s3993878.jpg,9787020068616
138,古文观止,吴楚材 ,, 中华书局 , 1987-1-1 , 21.00元,https://book.douban.com/subject/1014561/,9.1,收录自先秦至明末的散文二百二十二篇,https://img9.doubanio.com/view/subject/s/public/s1325863.jpg,9787101000290
139,受戒,汪曾祺 ,, 漓江出版社 , 1987-10 , 3.95元,https://book.douban.com/subject/1760432/,9.3,江南乡镇民间生活，健康淳朴的人性,https://img9.doubanio.com/view/subject/s/public/s3628082.jpg,9787540701758
140,麦琪的礼物,[美] 欧·亨利 , 张经浩 , 上海社会科学院出版社 , 2003-7 , 25.00元,https://book.douban.com/subject/1051193/,8.6,日常的奇迹,https://img9.doubanio.com/view/subject/s/public/s1137441.jpg,9787806812297
141,枪炮、病菌与钢铁,[美] 贾雷德·戴蒙德 , 谢延光 , 上海世纪出版集团 , 2006-4-1 , 45.00元,https://book.douban.com/subject/1813841/,8.7,人类社会的命运,https://img9.doubanio.com/view/subject/s/public/s1738643.jpg,9787532739233
142,霸王别姬,李碧华 ,, 人民文学出版社 , 1999-1 , 10.20元,https://book.douban.com/subject/1088711/,9.1,人间，只是抹去了脂粉的脸,https://img9.doubanio.com/view/subject/s/public/s24964086.jpg,9787020028504
143,温柔的夜,三毛 ,, 北京十月文艺出版社 , 2007-5 , 28.00元,https://book.douban.com/subject/2068249/,9.1,三毛在加纳利群岛的生活,https://img9.doubanio.com/view/subject/s/public/s2391798.jpg,9787530208915
144,银河系漫游指南,[英] 道格拉斯·亚当斯 , 徐百柯 , 四川科学技术出版社 , 2005-6 , 16.00元,https://book.douban.com/subject/1394364/,8.8,一场穿越银河的冒险,https://img9.doubanio.com/view/subject/s/public/s3696740.jpg,9787536457577
145,解忧杂货店,[日] 东野圭吾 , 李盈春 , 南海出版公司 , 2014-5 , 39.50元,https://book.douban.com/subject/25862578/,8.5,现代人内心流失的东西，这家杂货店能帮你找回,https://img9.doubanio.com/view/subject/s/public/s27264181.jpg,9787544270878
146,激荡三十年,吴晓波 ,, 中信出版社 , 2008-7-1 , 32.00元,https://book.douban.com/subject/3151575/,8.6,中国企业1978—2008,https://img9.doubanio.com/view/subject/s/public/s3203360.jpg,9787508612102
147,棋王,阿城 ,, 作家出版社 , 1999-10 , 13.00,https://book.douban.com/subject/1020961/,8.8,我从未真正见过火，也未见过毁灭，更不知新生,https://img9.doubanio.com/view/subject/s/public/s26237958.jpg,9787506315975
148,失明症漫记,[葡] 若泽·萨拉马戈 , 范维信 , 南海出版公司 , 2014-2 , 29.50,https://book.douban.com/subject/20428302/,9.1,失明症迅速蔓延，整个城市陷入一场空前的灾难,https://img9.doubanio.com/view/subject/s/public/s27217828.jpg,9787544264112
149,尼罗河上的惨案,[英] 阿加莎·克里斯蒂 , 宫英海 , 人民文学出版社 , 2006-5 , 22.00元,https://book.douban.com/subject/1818347/,8.7,阿加莎·克里斯蒂代表作,https://img9.doubanio.com/view/subject/s/public/s1683067.jpg,9787020056088
150,渴望生活,[美] 欧文·斯通 , 常涛 , 北京十月文艺出版社 , 2008-4 , 29.80元,https://book.douban.com/subject/3054821/,9.2,梵高悲惨而成就辉煌的人生,https://img9.doubanio.com/view/subject/s/public/s3099438.jpg,9787530209127
151,德米安,[德] 赫尔曼·黑塞 , 丁君君 , 上海人民出版社 , 2009-3 , 25.00元,https://book.douban.com/subject/3578470/,9.0,少年辛克莱寻找通向自身之路的艰辛历程,https://img9.doubanio.com/view/subject/s/public/s3979854.jpg,9787208081550
152,你好，旧时光（上 下）,八月长安 ,, 新世界出版社 , 2009-12 , 39.80元,https://book.douban.com/subject/4166819/,8.7,原作名切题,https://img9.doubanio.com/view/subject/s/public/s4293097.jpg,9787510407109
153,半生缘,张爱玲 ,, 北京十月文艺出版社 , 2006-12 , 28.00元,https://book.douban.com/subject/1963684/,8.6,世钧，我们回不去了,https://img9.doubanio.com/view/subject/s/public/s2838737.jpg,9787530208694
154,罪与罚,[俄] 陀思妥耶夫斯基 , 岳麟 , 上海译文出版社 , 2006-8 , 23.00元,https://book.douban.com/subject/1858568/,9.1,描绘人内心的全部深度,https://img9.doubanio.com/view/subject/s/public/s1790246.jpg,9787532740079
155,天朝的崩溃,茅海建 ,, 生活·读书·新知三联书店 , 2005-7 , 32.00元,https://book.douban.com/subject/1675478/,9.1,鸦片战争再研究,https://img9.doubanio.com/view/subject/s/public/s1681072.jpg,9787108022943
156,罗生门,[日]芥川龙之介 , 林少华 , 上海译文出版社 , 2008-7 , 12.00元,https://book.douban.com/subject/3136271/,8.7,人生，远比地狱更像地狱,https://img9.doubanio.com/view/subject/s/public/s3435158.jpg,9787532744756
157,我不知道该说什么，关于死亡还是爱情,S.A.阿列克谢耶维奇 , 方祖芳 , 花城出版社,铁葫芦图书 , 2014-6-15 / 34.80元,https://book.douban.com/subject/25884880/,9.0,真实记录切尔诺贝利核灾难事件,https://img9.doubanio.com/view/subject/s/public/s28313152.jpg,9787536071377
158,社会心理学,[美] 戴维·迈尔斯 , 张智勇 , 人民邮电出版社 , 2006-1 , 68.00元,https://book.douban.com/subject/1476651/,9.0,人们是如何思索、影响他人并与他人建立联系的,https://img9.doubanio.com/view/subject/s/public/s1670932.jpg,9787115138804
159,万物有灵且美,[英] 吉米·哈利 , 种衍伦 , 中国城市出版社 , 2010-1 , 28.80,https://book.douban.com/subject/4187411/,8.8,活泼的生命完全无须借助魔法，便能对我们述说至美至真的故事,https://img9.doubanio.com/view/subject/s/public/s4093514.jpg,9787507421774
160,我的天才女友,[意] 埃莱娜·费兰特 , 陈英 , 人民文学出版社 , 2017-1 , 42.00元,https://book.douban.com/subject/26878124/,8.5,“那不勒斯四部曲”第一部，两个女人，50年的友谊和战争,https://img9.doubanio.com/view/subject/s/public/s29164777.jpg,9787020120130
161,总统是靠不住的,林达 ,, 生活·读书·新知三联书店 , 2004-08 , 21.80,https://book.douban.com/subject/1056315/,8.8,美国政治法律制度的基本原理和操作细节,https://img9.doubanio.com/view/subject/s/public/s2170316.jpg,9787108011367
162,茶馆,老舍 ,, 人民文学出版社 , 2002-1 , 9.80元,https://book.douban.com/subject/1036613/,9.0,清末、民初、抗战胜利以后三个历史时期的北京生活风貌,https://img9.doubanio.com/view/subject/s/public/s33516550.jpg,9787020036509
163,倚天屠龙记(共四册),金庸 ,, 三联书店 , 1999-04 , 47.00,https://book.douban.com/subject/1070851/,8.6,不识张郎是张郎,https://img9.doubanio.com/view/subject/s/public/s1829709.jpg,9787108012692
164,上学记,何兆武 口述 ,, 生活·读书·新知三联书店 , 2006-8 , 19.80元,https://book.douban.com/subject/1859140/,8.9,20世纪中国知识分子的心灵史,https://img9.doubanio.com/view/subject/s/public/s1950424.jpg,9787108025104
165,顾城的诗,顾城 ,, 人民文学出版社 , 1998-12 , 20.00,https://book.douban.com/subject/1033825/,8.8,火焰是我们诗歌唯一的读者,https://img9.doubanio.com/view/subject/s/public/s1024472.jpg,9787020025862
166,最好的我们,八月长安 ,, 湖南文艺出版社 , 2013-8-5 , 55,https://book.douban.com/subject/24754316/,8.7,耿耿余淮,https://img9.doubanio.com/view/subject/s/public/s26720726.jpg,9787540462642
167,荆棘鸟,[澳] 考琳·麦卡洛 , 曾胡 , 译林出版社 , 1998-7 , 28.00元,https://book.douban.com/subject/1086249/,8.6,澳洲乱世情,https://img9.doubanio.com/view/subject/s/public/s2781615.jpg,9787805678313
168,人间草木,汪曾祺 ,, 江苏文艺出版社 , 2005-01 , 20.00元,https://book.douban.com/subject/1253310/,9.1,我就是要这样香，香得痛痛快快,https://img9.doubanio.com/view/subject/s/public/s1201610.jpg,9787539921969
169,一句顶一万句,刘震云 ,, 长江文艺出版社 , 2009-3 , 29.80,https://book.douban.com/subject/3633461/,8.7,一句胜过千年,https://img9.doubanio.com/view/subject/s/public/s6916838.jpg,9787535439765
170,民主的细节,刘瑜 ,, 上海三联书店 , 2009-6 , 25.00,https://book.douban.com/subject/3813669/,8.6,公民养成手册,https://img9.doubanio.com/view/subject/s/public/s4146437.jpg,9787542629586
171,全球通史,(美) 斯塔夫里阿诺斯 , 吴象婴 , 北京大学出版社 , 2012-2-1 , 168.00元,https://book.douban.com/subject/10583099/,9.1,从史前史到21世纪,https://img9.doubanio.com/view/subject/s/public/s29796663.jpg,9787301204689
172,草房子,曹文轩 ,, 江苏少年儿童出版社 , 2009-6 , 18.00元,https://book.douban.com/subject/1052990/,9.0,男孩桑桑刻骨铭心、终身难忘的六年小学生活,https://img9.doubanio.com/view/subject/s/public/s2652540.jpg,9787534618727
173,雨季不再来,三毛 ,, 北京十月文艺出版社 , 2007-7 , 28.00元,https://book.douban.com/subject/2136140/,8.7,三毛少女时代的成长感受,https://img9.doubanio.com/view/subject/s/public/s2563279.jpg,9787530208960
174,雷雨,曹禺 ,, 人民文学出版社 , 1999-05 , 9.20,https://book.douban.com/subject/1013416/,8.6,一幕人生大悲剧，在一个雷雨夜爆发,https://img9.doubanio.com/view/subject/s/public/s23579217.jpg,9787020018567
175,理想国,[古希腊] 柏拉图 , 郭斌和 , 商务印书馆 , 1986-8 , 28.00元,https://book.douban.com/subject/1004821/,8.8,人类历史上最早的乌托邦,https://img9.doubanio.com/view/subject/s/public/s1068535.jpg,9787100017565
176,正见,宗萨蒋扬钦哲仁波切 , 姚仁喜 , 中国友谊出版公司 , 2007-1 , 25.00元,https://book.douban.com/subject/1963912/,8.8,佛陀的证悟,https://img9.doubanio.com/view/subject/s/public/s1993421.jpg,9787505722453
177,认识电影,[美] 路易斯·贾内梯 , 焦雄屏 , 世界图书出版公司 , 2007-11 , 68.00元,https://book.douban.com/subject/2326403/,8.9,电影入门经典之作,https://img9.doubanio.com/view/subject/s/public/s28274132.jpg,9787506287081
178,孙子兵法,孙武 , 郭化若 , 上海古籍出版社 , 2006-7 , 20.00元,https://book.douban.com/subject/1949420/,9.4,我国最古老最杰出的一部兵书,https://img9.doubanio.com/view/subject/s/public/s2142329.jpg,9787532544400
179,一千零一夜,纳训 ,, 人民文学出版社 , 2003-01 , 22.00,https://book.douban.com/subject/1035848/,8.7,阿拉伯地区的古代民间传说,https://img9.doubanio.com/view/subject/s/public/s1070937.jpg,9787020040346
180,一桩事先张扬的凶杀案,[哥伦比亚] 加西亚·马尔克斯 , 魏然 , 南海出版公司 , 2013-6 , 25.00元,https://book.douban.com/subject/24382569/,8.7,我如此急切地想要讲述这桩案件，也许是它最终确定了我的作家生涯,https://img9.doubanio.com/view/subject/s/public/s26546959.jpg,9787544266123
181,此生未完成,于娟 ,, 湖南科技出版社 , 2011-5 , 26.00元,https://book.douban.com/subject/6397275/,8.9,一个母亲、妻子、女儿的生命日记,https://img9.doubanio.com/view/subject/s/public/s6343233.jpg,9787535766779
182,从一到无穷大,[美] G. 伽莫夫 , 暴永宁 译 , 科学出版社 , 2002-11 , 29.00元,https://book.douban.com/subject/1102715/,9.1,科学中的事实和臆测,https://img9.doubanio.com/view/subject/s/public/s2516920.jpg,9787030107596
183,水浒传（全二册）,[明] 施耐庵 ,, 人民文学出版社 , 1997-1 , 50.60元,https://book.douban.com/subject/1008357/,8.6,替天行道,https://img9.doubanio.com/view/subject/s/public/s1436519.jpg,9787020008742
184,海风中失落的血色馈赠,[加拿大] 阿利斯泰尔·麦克劳德 , 陈以侃 , 上海文艺出版社 , 2015-6-1 , CNY 20.00,https://book.douban.com/subject/26357614/,9.1,男女之间、父母与子女之间紧密的纽带和难以逾越的鸿沟,https://img9.doubanio.com/view/subject/s/public/s28061231.jpg,9787532156825
185,青铜时代,王小波 ,, 花城出版社 , 1997-5 , 29.00元,https://book.douban.com/subject/1085883/,8.7,唐人传奇贯注现代情趣,https://img9.doubanio.com/view/subject/s/public/s1072541.jpg,9787536025103
186,牧羊少年奇幻之旅,[巴西] 保罗·柯艾略 , 丁文林 , 南海出版公司 , 2009-3-1 , 25.00元,https://book.douban.com/subject/3608208/,8.5,你自己就是最大的宝藏,https://img9.doubanio.com/view/subject/s/public/s3668327.jpg,9787544244190
187,圣经,,,中国基督教协会 , 中国基督教协会 , 1996,https://book.douban.com/subject/1803022/,9.0,上帝说，要有光,https://img9.doubanio.com/view/subject/s/public/s1677577.jpg,
188,强风吹拂,三浦紫苑 , 林佩瑾 , 广西师范大学出版社 , 2015-1-1 , 39.00元,https://book.douban.com/subject/26210487/,9.0,明明这么痛苦，这么难过，为什么就是不能放弃跑步？,https://img9.doubanio.com/view/subject/s/public/s27914268.jpg,9787549559671
189,银河帝国：基地七部曲,[美] 艾萨克·阿西莫夫 , 叶李华 , 江苏凤凰文艺出版社 , 2015-10-1 , 328.00元,https://book.douban.com/subject/26389895/,9.5,阿西莫夫经典科幻小说,https://img9.doubanio.com/view/subject/s/public/s28284246.jpg,9787539983356
190,火星救援,[美] 安迪·威尔 , 陈灼 , 译林出版社 , 2015-10 , 38.00,https://book.douban.com/subject/26586492/,8.9,跟火星来一场不是你死就是我活的过家家游戏,https://img9.doubanio.com/view/subject/s/public/s28284337.jpg,9787544757225
191,额尔古纳河右岸,迟子建 ,, 北京十月文艺出版社 , 2005-12-1 , 29.00元,https://book.douban.com/subject/3311253/,9.0,东北少数民族鄂温克人生存现状及百年沧桑,https://img9.doubanio.com/view/subject/s/public/s3380714.jpg,9787530209936
192,中国哲学简史,冯友兰 , 赵复三 , 新世界出版社 , 2004-1 , 38.00元,https://book.douban.com/subject/1021273/,8.9,中国哲学入门书,https://img9.doubanio.com/view/subject/s/public/s1069364.jpg,9787801872166
193,繁花,金宇澄 ,, 上海文艺出版社 , 2013-3 , 48.00元,https://book.douban.com/subject/22714154/,8.7,海上繁花，请静观静读,https://img9.doubanio.com/view/subject/s/public/s26037307.jpg,9787532148004
194,巨流河,齐邦媛 ,, 生活·读书·新知三联书店 , 2010-10 , 39.00元,https://book.douban.com/subject/4842446/,8.7,两代人从巨流河到哑口海的故事,https://img9.doubanio.com/view/subject/s/public/s4494379.jpg,9787108034731
195,黑客与画家,[美] Paul Graham , 阮一峰 , 人民邮电出版社 , 2011-4 , 49.00元,https://book.douban.com/subject/6021440/,8.7,硅谷创业之父Paul Graham文集,https://img9.doubanio.com/view/subject/s/public/s4669554.jpg,9787115249494
196,众病之王,[美] 悉达多·穆克吉 , 李虎 , 中信出版社 , 2013-2-4 , 42.00元,https://book.douban.com/subject/20507206/,9.1,癌症传,https://img9.doubanio.com/view/subject/s/public/s24598159.jpg,9787508638119
197,庄子,孙通海 译注 , 方勇 译注 , 中华书局 , 2007-04 , 20.00元,https://book.douban.com/subject/2046236/,9.4,野马也，尘埃也，生物之以息相吹也,https://img9.doubanio.com/view/subject/s/public/s5765615.jpg,9787101055207
198,当呼吸化为空气,[美] 保罗·卡拉尼什 , 何雨珈 , 猫头鹰文化·浙江文艺出版社 , 2016-12 , 48.00元,https://book.douban.com/subject/26896859/,8.8,你在死亡中探究生命的意义，你见证生前的呼吸化作死后的空气,https://img9.doubanio.com/view/subject/s/public/s29423902.jpg,9787533946562
199,金锁记,张爱玲 ,, 哈尔滨出版社 , 2005-6 , 13.5元,https://book.douban.com/subject/3017857/,8.6,一个小商人家庭出身的女子曹七巧的心灵变迁历程,https://img9.doubanio.com/view/subject/s/public/s2976745.jpg,9788781074519
200,恶意,[日] 东野圭吾 , 娄美莲 , 南海出版公司 , 2009-6 , 18.00,https://book.douban.com/subject/3646172/,8.4,将手记体叙事的无限可能发挥得淋漓尽致,https://img9.doubanio.com/view/subject/s/public/s3814606.jpg,9787544244428
201,论语,,,中华书局 , 2006-12 , 9.80元,https://book.douban.com/subject/1964774/,9.1,仁远乎哉？我欲仁，斯仁至矣,https://img9.doubanio.com/view/subject/s/public/s5804746.jpg,9787101054187
202,简爱（英文全本）,[英] 夏洛蒂·勃朗特 ,, 世界图书出版公司 , 2003-11 , 18.00元,https://book.douban.com/subject/1141406/,8.5,灰姑娘在十九世纪,https://img9.doubanio.com/view/subject/s/public/s5924326.jpg,9787506261579
203,象棋的故事,[奥] 斯台芬·茨威格 , 张玉书 , 上海译文出版社 , 2007-7 , 23.00元,https://book.douban.com/subject/2158684/,9.1,纳粹法西斯对人心灵的折磨及摧残,https://img9.doubanio.com/view/subject/s/public/s2897060.jpg,9787532741601
204,你一生的故事,[美] 特德·姜 , 李克勤 , 译林出版社 , 2015-5 , 36.00元,https://book.douban.com/subject/26295448/,8.7,特德·姜科幻小说集,https://img9.doubanio.com/view/subject/s/public/s28033064.jpg,9787544752473
205,张爱玲文集,张爱玲 ,, 安徽文艺出版社 , 1992年 , 45元,https://book.douban.com/subject/1004992/,8.9,,https://img9.doubanio.com/view/subject/s/public/s1662165.jpg,9787539605951
206,毛姆短篇小说精选集,[英] 威廉·萨默塞特·毛姆 , 冯亦代 , 译林出版社 , 2012-11 , 36.00元,https://book.douban.com/subject/10774752/,9.0,在各种光怪陆离的场景中，迷失的人性引发了一连串的悲剧,https://img9.doubanio.com/view/subject/s/public/s24174596.jpg,9787544728669
207,夏洛的网,[美] E.B.怀特 , 任溶溶 , 上海译文出版社 , 2004-5 , 17.00元,https://book.douban.com/subject/1036274/,8.6,一个蜘蛛和小猪的故事，写给孩子，也写给大人,https://img9.doubanio.com/view/subject/s/public/s1120437.jpg,9787532733415
208,设计中的设计,[日] 原研哉 , 朱锷 , 山东人民出版社 , 2006-11 , 48.00元,https://book.douban.com/subject/1941558/,8.6,日常生活的无限可能性,https://img9.doubanio.com/view/subject/s/public/s2165932.jpg,9787209041065
209,ZOO,[日] 乙一 , 李颖秋 , 当代世界出版社 , 2007-10 , 20.00元,https://book.douban.com/subject/2297697/,8.6,噩梦中的一丝温度,https://img9.doubanio.com/view/subject/s/public/s2756239.jpg,9787509002780
210,荒原狼,[德]赫尔曼·黑塞 , 赵登荣 , 上海译文出版社 , 2008-7 , 13.00,https://book.douban.com/subject/3131626/,9.0,“超现实主义”风格作品，德国的《尤利西斯》,https://img9.doubanio.com/view/subject/s/public/s3286369.jpg,9787532744800
211,世界的凛冬,[英] 肯·福莱特 , 陈杰 , 江苏凤凰文艺出版社 , 2017-3-1 , 132.00（全三册）,https://book.douban.com/subject/26957760/,8.8,我亲眼目睹，每一个迈向死亡的生命都在热烈地生长,https://img9.doubanio.com/view/subject/s/public/s29331058.jpg,9787539999074
212,步履不停,[日] 是枝裕和 , 郑有杰 , 北京联合出版公司 , 2017-5 , 36.80元,https://book.douban.com/subject/26963321/,8.7,人生路上，步履不停，总有那么一点来不及,https://img9.doubanio.com/view/subject/s/public/s29425921.jpg,9787550297685
213,挪威的森林,[日] 村上春树 , 林少华 , 上海译文出版社 , 2007-7 , 23.00元,https://book.douban.com/subject/2159042/,8.5,像喜欢春天的熊一样,https://img9.doubanio.com/view/subject/s/public/s27312538.jpg,9787532742929
214,佐贺的超级阿嬷,[日] 岛田洋七 , 陈宝莲 , 南海出版公司 , 2007-3 , 20.00元,https://book.douban.com/subject/2008284/,8.7,乐观的外婆却总有神奇的办法,https://img9.doubanio.com/view/subject/s/public/s3922462.jpg,9787544234726
215,稻草人手记,三毛 ,, 北京十月文艺出版社 , 2009-3 , 18.00元,https://book.douban.com/subject/3607117/,8.9,三毛在加纳利群岛上的生活,https://img9.doubanio.com/view/subject/s/public/s3667048.jpg,9787530209691
216,人类的群星闪耀时,[奥] 斯蒂芬·茨威格 , 舒昌善 , 广西师范大学出版社 , 2004-8 , 18.00元,https://book.douban.com/subject/1083762/,8.7,十四个影响人类文明的瞬间,https://img9.doubanio.com/view/subject/s/public/s1134166.jpg,9787563349128
217,美丽新世界,[英] 赫胥黎 , 陈超 , 上海译文出版社 , 2017-6 , 45.00元,https://book.douban.com/subject/27002046/,9.1,,https://img9.doubanio.com/view/subject/s/public/s29477615.jpg,9787532774685
218,世界尽头与冷酷仙境,[日] 村上春树 , 林少华 , 上海译文出版社 , 2002-12 , 23.00元,https://book.douban.com/subject/1291809/,8.6,交叉平行蒙太奇,https://img9.doubanio.com/view/subject/s/public/s1801057.jpg,9787532730001
219,狂热分子,[美] 埃里克·霍弗 , 梁永安 , 广西师范大学出版社 , 2011-6 , 34.00元,https://book.douban.com/subject/3057556/,8.9,探讨群众运动的共有特征,https://img9.doubanio.com/view/subject/s/public/s28036829.jpg,9787563374625
220,牡丹亭,汤显祖 ,, 人民文学出版社 , 1963-4-1 , 14.50元,https://book.douban.com/subject/1073708/,9.0,不到园林，怎知春色如许,https://img9.doubanio.com/view/subject/s/public/s1075414.jpg,9787020015092
221,二手时间,[白俄] S. A. 阿列克谢耶维奇 , 吕宁思 , 中信出版集团 , 2016-1 , 55.00元,https://book.douban.com/subject/26704403/,8.8,用最为细小的马赛克拼出了一幅完整的后苏联时代图景,https://img9.doubanio.com/view/subject/s/public/s28397415.jpg,9787508658346
222,香水,[德] 帕·聚斯金德 , 李清华 , 上海译文出版社 , 2009-6 , 25.00元,https://book.douban.com/subject/3815125/,8.9,,https://img9.doubanio.com/view/subject/s/public/s3867373.jpg,9787532745449
223,影响力,[美] 罗伯特·西奥迪尼 , 陈叙 , 中国人民大学出版社 , 2006-5 , 45.00元,https://book.douban.com/subject/1786387/,8.6,营销防骗指南,https://img9.doubanio.com/view/subject/s/public/s1657785.jpg,9787300072487
224,金阁寺,[日] 三岛由纪夫 , 唐月梅 , 上海译文出版社 , 2009-1 , 24.00,https://book.douban.com/subject/3391248/,8.7,他的犯罪动机是对美的嫉妒,https://img9.doubanio.com/view/subject/s/public/s3511590.jpg,9787532744565
225,哈姆莱特,[英] 莎士比亚 , 朱生豪 , 人民文学出版社 , 2001-1 , 7.00元,https://book.douban.com/subject/1006197/,8.6,生存还是毁灭，这是一个值得思考的问题,https://img9.doubanio.com/view/subject/s/public/s27009357.jpg,9787020035946
226,社会契约论,卢梭 , 何兆武 , 商务印书馆 , 2003-2-1 , 18.00元,https://book.douban.com/subject/1277981/,8.8,一个国家只能有一个契约,https://img9.doubanio.com/view/subject/s/public/s3470220.jpg,9787100037259
227,多情剑客无情剑(上、中、下),古龙 ,, 海天出版社 , 1991-12-01 , 49.8,https://book.douban.com/subject/1422833/,8.7,流水滔滔斩不断，情丝百结冲不破,https://img9.doubanio.com/view/subject/s/public/s1641357.jpg,9787806152614
228,安娜·卡列尼娜,[俄] 列夫·托尔斯泰 , 草婴 , 上海文艺出版社 , 2007-8 , 37.00元,https://book.douban.com/subject/2253380/,9.2,,https://img9.doubanio.com/view/subject/s/public/s5763939.jpg,9787532132256
229,了不起的盖茨比,[美] 斯科特·菲茨杰拉德 , 邓若虚 , 南海出版公司 , 2012-5 , 25.00元,https://book.douban.com/subject/10738023/,8.7,,https://img9.doubanio.com/view/subject/s/public/s9110246.jpg,9787544258661
230,老人与海,海明威 , 吴劳 , 上海译文出版社 , 1999-10 , 8.20元,https://book.douban.com/subject/1064275/,8.4,正是悲壮赋予生活以意义,https://img9.doubanio.com/view/subject/s/public/s1050021.jpg,9787532723447
231,骆驼祥子,老舍 ,, 人民文学出版社 , 2000-3-1 , 12.00,https://book.douban.com/subject/1043815/,8.4,旧中国老北京贫苦市民的典型命运,https://img9.doubanio.com/view/subject/s/public/s1146040.jpg,9787020028115
232,告白,[日]凑佳苗 , 丁世佳 , 哈尔滨出版社 , 2010年6月 , 26.00元,https://book.douban.com/subject/4836682/,8.5,,https://img9.doubanio.com/view/subject/s/public/s4425090.jpg,9787548401087
233,规训与惩罚,[法] 米歇尔·福柯 , 刘北成 , 生活·读书·新知三联书店 , 2003-1 , 21.80元,https://book.douban.com/subject/1012307/,9.2,伴随着惩罚的人性化，自由反而日益丧失了,https://img9.doubanio.com/view/subject/s/public/s2522397.jpg,9787108017949
234,通往奴役之路,弗里德利希・冯・哈耶克 , 王明毅 , 中国社会科学出版社 , 1997-08-01 , 16.00,https://book.douban.com/subject/1077528/,8.8,古典自由主义杰作,https://img9.doubanio.com/view/subject/s/public/s8879166.jpg,9787500421368
235,少年凯歌,陈凯歌 ,, 人民文学出版社 , 2001-6 , 10.00元,https://book.douban.com/subject/1091203/,9.2,,https://img9.doubanio.com/view/subject/s/public/s24399718.jpg,9787020034109
236,一个人的村庄,刘亮程 ,, 春风文艺出版社 , 2006-1 , 28.00元,https://book.douban.com/subject/1692648/,8.9,他是真正的作家，也是真正的农民,https://img9.doubanio.com/view/subject/s/public/s9018034.jpg,9787531329329
237,别闹了，费曼先生,[美] 理查德·费曼 , 吴程远 , 生活·读书·新知三联书店 , 1997-12 , 22.00,https://book.douban.com/subject/1037602/,8.9,科学顽童的故事,https://img9.doubanio.com/view/subject/s/public/s1027286.jpg,9787108011114
238,长夜难明,紫金陈 ,, 云南人民出版社 , 2017-1 , 42.00元,https://book.douban.com/subject/26923390/,8.5,,https://img9.doubanio.com/view/subject/s/public/s29179365.jpg,9787222143975
239,长袜子皮皮,[瑞典] 阿斯特丽德·林格伦 , 李之义 , 中国少年儿童出版社 , 1999-3 , 17.80元,https://book.douban.com/subject/1004088/,9.0,,https://img9.doubanio.com/view/subject/s/public/s1290828.jpg,9787500742586
240,西方哲学史（上卷）,[英] 罗素 , 何兆武 , 商务印书馆 , 1963-9 , 25.00,https://book.douban.com/subject/1008189/,8.9,西方哲学史及其与从古代到现代的政治、社会情况的联系,https://img9.doubanio.com/view/subject/s/public/s1562997.jpg,9787100004824
241,海底两万里,[法国] 儒尔·凡尔纳 , 沈国华 , 译林出版社 , 2002-9 , 19.50元,https://book.douban.com/subject/1085470/,8.5,你听说过鹦鹉螺号吗？,https://img9.doubanio.com/view/subject/s/public/s1817666.jpg,9787806574317
242,美国宪政历程,任东来 ,, 中国法制出版社 , 2014-1 , 35.00元,https://book.douban.com/subject/1144185/,9.1,25个案例异彩纷呈，美国宪政的酸甜苦辣尽在其中,https://img9.doubanio.com/view/subject/s/public/s24503563.jpg,9787801821386
243,社会性动物,Elliot Aronson , 邢占军 , 华东师范大学出版社 , 2007-12 , 45.00元,https://book.douban.com/subject/2328458/,9.1,美国社会心理学的《圣经》,https://img9.doubanio.com/view/subject/s/public/s2783843.jpg,9787561756638
244,欢乐英雄,古龙 ,, 珠海出版社 , 2005-8 , 28.00元,https://book.douban.com/subject/1264579/,8.8,坚持自己的信念，在贫穷中获得欢乐与友谊,https://img9.doubanio.com/view/subject/s/public/s2508587.jpg,9787806070628
245,2001太空漫游,[英] 阿瑟·克拉克 , 郝明义 , 上海人民出版社 , 2007-11 , 28.00元,https://book.douban.com/subject/2340609/,9.1,科幻三巨头之一阿瑟·克拉克代表作,https://img9.doubanio.com/view/subject/s/public/s2798862.jpg,9787208074002
246,过于喧嚣的孤独,(捷克) 赫拉巴尔 , 杨乐云 , 北京十月文艺出版社 , 2011-10 , 22.00元,https://book.douban.com/subject/6781794/,8.8,我为它而活着，并为写它推迟了我的死亡,https://img9.doubanio.com/view/subject/s/public/s24422879.jpg,9787530211571
247,尘埃落定,阿来 ,, 人民文学出版社 , 1998-3-1 , 22.0,https://book.douban.com/subject/1080309/,8.5,一个傻子的土司家族传奇,https://img9.doubanio.com/view/subject/s/public/s9140762.jpg,9787020033645
248,如父如子,[日] 是枝裕和 , 丹勇 , 湖南文艺出版社 , 2018-4 , 49.80,https://book.douban.com/subject/27611824/,8.9,,https://img9.doubanio.com/view/subject/s/public/s29707420.jpg,9787540484651
249,批评官员的尺度,[美] 安东尼·刘易斯 , 何帆 , 北京大学出版社 , 2011-7 , 32.00元,https://book.douban.com/subject/6401128/,8.9,新闻自由史上的里程碑案件：《纽约时报》诉沙利文案,https://img9.doubanio.com/view/subject/s/public/s6643899.jpg,9787301188736
250,不存在的骑士,[意] 伊塔洛·卡尔维诺 , 吴正仪 , 译林出版社 , 2012-4 , 22.00元,https://book.douban.com/subject/6789551/,8.9,,https://img9.doubanio.com/view/subject/s/public/s8972083.jpg,9787544722797
